,actual_traffic_jam_prob,monte_carlo_traffic_jam_mean,monte_carlo_traffic_jam_std,monte_carlo_traffic_jam_ci_95,actual_accident_risk_prob,monte_carlo_accident_risk_mean,monte_carlo_accident_risk_std,monte_carlo_accident_risk_ci_95
Heavy Rain,0.21714285714285714,0.21724900000000003,0.04119347034421839,"(np.float64(0.14), np.float64(0.3))",0.8657142857142858,0.865966,0.033937395951958375,"(np.float64(0.8), np.float64(0.93))"
Temperature Extremes,0.18604651162790697,0.186295,0.039154858893884426,"(np.float64(0.11), np.float64(0.27))",0.813953488372093,0.814321,0.038860506417184006,"(np.float64(0.74), np.float64(0.89))"
High Humidity,0.22150882825040127,0.221834,0.041357664876054114,"(np.float64(0.14), np.float64(0.3))",0.9117174959871589,0.9118729999999999,0.02829066756016902,"(np.float64(0.85), np.float64(0.96))"
Low Visibility,0.2463768115942029,0.24650800000000003,0.04303447380879659,"(np.float64(0.16975000000000023), np.float64(0.33))",0.8861283643892339,0.8862439999999999,0.031647629674274196,"(np.float64(0.82), np.float64(0.94))"
Strong Winds,0.2881002087682672,0.287947,0.04480240162089528,"(np.float64(0.2), np.float64(0.38))",0.9018789144050104,0.901589,0.02992398835382744,"(np.float64(0.84), np.float64(0.96))"
